delivery_id,date,sector,farmer_id,litres,temp_c,hours_since_milking,rejected
D001,2026-09-21,Kinigi,FRM-0029,34.4,17.8,3.1,1
D002,2026-09-21,Kinigi,FRM-0019,31.7,22.0,1.3,0
D003,2026-09-21,Nyange,FRM-0030,20.7,30.9,6.3,1
D004,2026-09-21,Busogo,FRM-0014,10.5,8.3,0.6,0
D005,2026-09-21,Gataraga,FRM-0030,35.1,22.7,1.2,1
D006,2026-09-21,Shingiro,FRM-0014,9.7,17.4,0.5,0
D007,2026-09-22,Nyange,FRM-0020,12.4,22.7,6.4,1
D008,2026-09-22,Kinigi,FRM-0005,6.2,7.6,5.1,0
D009,2026-09-22,Busogo,FRM-0004,16.6,5.1,5.2,0
D010,2026-09-22,Kinigi,FRM-0002,23.6,24.8,4.2,1
D011,2026-09-22,Kinigi,FRM-0011,17.1,10.8,2.5,0
D012,2026-09-22,Kinigi,FRM-0008,33.6,16.2,7.8,0
D013,2026-09-23,Nyange,FRM-0029,8.1,10.5,1.0,0
D014,2026-09-23,Busogo,FRM-0018,25.5,20.4,1.2,1
D015,2026-09-23,Gataraga,FRM-0030,19.4,6.3,3.6,0
D016,2026-09-23,Shingiro,FRM-0027,4.1,10.8,5.4,0
D017,2026-09-23,Nyange,FRM-0014,15.0,25.6,2.1,0
D018,2026-09-23,Kinigi,FRM-0027,34.8,10.5,2.8,0
D019,2026-09-24,Busogo,FRM-0020,17.7,14.2,7.1,1
D020,2026-09-24,Kinigi,FRM-0005,28.4,5.4,1.0,0
D021,2026-09-24,Kinigi,FRM-0010,23.1,5.9,5.5,0
D022,2026-09-24,Kinigi,FRM-0029,21.0,10.3,6.1,0
D023,2026-09-24,Nyange,FRM-0029,17.4,15.2,2.1,0
D024,2026-09-24,Busogo,FRM-0027,11.8,25.5,6.3,0
D025,2026-09-25,Gataraga,FRM-0009,16.9,4.4,3.2,0
D026,2026-09-25,Shingiro,FRM-0010,6.9,22.1,2.5,1
D027,2026-09-25,Nyange,FRM-0004,19.3,24.8,0.7,0
D028,2026-09-25,Kinigi,FRM-0029,29.7,26.4,3.2,0
D029,2026-09-25,Busogo,FRM-0023,21.3,14.8,0.6,0
D030,2026-09-25,Kinigi,FRM-0027,11.7,8.0,2.3,0
D031,2026-09-26,Kinigi,FRM-0004,3.7,10.6,2.9,0
D032,2026-09-26,Kinigi,FRM-0021,24.4,8.0,2.9,0
D033,2026-09-26,Nyange,FRM-0028,4.8,6.2,2.4,0
D034,2026-09-26,Busogo,FRM-0026,14.0,27.6,2.8,0
D035,2026-09-26,Gataraga,FRM-0015,23.1,24.4,2.5,0
D036,2026-09-26,Shingiro,FRM-0006,31.8,19.6,7.4,1
D037,2026-09-27,Nyange,FRM-0005,3.9,17.6,3.3,0
D038,2026-09-27,Kinigi,FRM-0005,11.8,8.6,1.6,0
D039,2026-09-27,Busogo,FRM-0006,32.1,6.6,1.1,0
D040,2026-09-27,Kinigi,FRM-0020,14.5,4.6,6.1,0
D041,2026-09-27,Kinigi,FRM-0005,29.7,4.9,0.7,0
D042,2026-09-27,Kinigi,FRM-0003,12.4,9.8,4.3,0
D043,2026-09-28,Nyange,FRM-0006,16.1,15.6,7.0,0
D044,2026-09-28,Busogo,FRM-0027,26.6,4.4,2.8,0
D045,2026-09-28,Gataraga,FRM-0009,21.8,29.2,1.1,0
D046,2026-09-28,Shingiro,FRM-0008,25.6,30.9,7.3,1
D047,2026-09-28,Nyange,FRM-0019,25.4,9.3,6.7,0
D048,2026-09-28,Kinigi,FRM-0012,16.2,4.2,5.9,0
D049,2026-09-29,Busogo,FRM-0030,28.3,9.8,5.2,0
D050,2026-09-29,Kinigi,FRM-0017,29.6,16.5,7.2,0
D051,2026-09-29,Kinigi,FRM-0008,6.2,16.0,2.2,0
D052,2026-09-29,Kinigi,FRM-0004,29.3,10.4,2.8,0
D053,2026-09-29,Nyange,FRM-0008,4.1,6.2,5.5,1
D054,2026-09-29,Busogo,FRM-0015,37.8,29.6,1.7,1
D055,2026-09-30,Gataraga,FRM-0016,4.2,4.9,3.1,0
D056,2026-09-30,Shingiro,FRM-0004,9.4,18.5,1.3,0
D057,2026-09-30,Nyange,FRM-0022,21.8,9.5,4.3,0
D058,2026-09-30,Kinigi,FRM-0019,7.0,30.0,3.4,1
D059,2026-09-30,Busogo,FRM-0023,20.4,14.7,2.3,0
D060,2026-09-30,Kinigi,FRM-0016,11.3,10.2,7.2,0
D061,2026-10-01, kinigi , frm-0007 ,12.5,6.2,1.5,0
D062,2026-10-01,NYANGE,Frm-0019,20.0,24.8,5.5,1
D063,2026-10-01,Busogo,FRM-0003,0,8.0,1.0,0
D064,2026-10-02,Gataraga,FRM-0011,120,7.5,2.0,0
D065,2026-10-02,Shingiro,FRM-0024,15.0,99,2.0,0
D066,2026-10-02,Kinigi,,10.0,9.0,1.0,0
D067,2026-10-02,Nyange,FRM-0005,14.0,,3.0,1
D010,2026-09-22,Kinigi,FRM-0002,23.6,24.8,4.2,1
